"train","/root/autodl-tmp/CMS-teamPROJ3/data/jrc_cos7-1a/jrc_cos7-1a.zarr","recon-1/em/fibsem-uint8","/root/autodl-tmp/CMS-teamPROJ3/data/jrc_cos7-1a/jrc_cos7-1a.zarr","recon-1/labels/groundtruth/crop234/[endo_lum,cyto,endo_mem,pm,ecs,bg]"
"train","/root/autodl-tmp/CMS-teamPROJ3/data/jrc_cos7-1a/jrc_cos7-1a.zarr","recon-1/em/fibsem-uint8","/root/autodl-tmp/CMS-teamPROJ3/data/jrc_cos7-1a/jrc_cos7-1a.zarr","recon-1/labels/groundtruth/crop236/[endo_lum,cyto,endo_mem,pm,ecs,bg]"
"train","/root/autodl-tmp/CMS-teamPROJ3/data/jrc_cos7-1a/jrc_cos7-1a.zarr","recon-1/em/fibsem-uint8","/root/autodl-tmp/CMS-teamPROJ3/data/jrc_cos7-1a/jrc_cos7-1a.zarr","recon-1/labels/groundtruth/crop237/[endo_lum,cyto,endo_mem,pm,ecs,bg]"
"train","/root/autodl-tmp/CMS-teamPROJ3/data/jrc_cos7-1a/jrc_cos7-1a.zarr","recon-1/em/fibsem-uint8","/root/autodl-tmp/CMS-teamPROJ3/data/jrc_cos7-1a/jrc_cos7-1a.zarr","recon-1/labels/groundtruth/crop239/[endo_lum,cyto,endo_mem,pm,ecs,bg]"
"train","/root/autodl-tmp/CMS-teamPROJ3/data/jrc_cos7-1a/jrc_cos7-1a.zarr","recon-1/em/fibsem-uint8","/root/autodl-tmp/CMS-teamPROJ3/data/jrc_cos7-1a/jrc_cos7-1a.zarr","recon-1/labels/groundtruth/crop243/[endo_lum,cyto,endo_mem,pm,ecs,bg]"
"train","/root/autodl-tmp/CMS-teamPROJ3/data/jrc_cos7-1a/jrc_cos7-1a.zarr","recon-1/em/fibsem-uint8","/root/autodl-tmp/CMS-teamPROJ3/data/jrc_cos7-1a/jrc_cos7-1a.zarr","recon-1/labels/groundtruth/crop248/[endo_lum,cyto,endo_mem,pm,ecs,bg]"
"validate","/root/autodl-tmp/CMS-teamPROJ3/data/jrc_cos7-1a/jrc_cos7-1a.zarr","recon-1/em/fibsem-uint8","/root/autodl-tmp/CMS-teamPROJ3/data/jrc_cos7-1a/jrc_cos7-1a.zarr","recon-1/labels/groundtruth/crop252/[endo_lum,cyto,endo_mem,pm,ecs,bg]"
"train","/root/autodl-tmp/CMS-teamPROJ3/data/jrc_cos7-1a/jrc_cos7-1a.zarr","recon-1/em/fibsem-uint8","/root/autodl-tmp/CMS-teamPROJ3/data/jrc_cos7-1a/jrc_cos7-1a.zarr","recon-1/labels/groundtruth/crop254/[endo_lum,cyto,endo_mem,pm,ecs,bg]"
"train","/root/autodl-tmp/CMS-teamPROJ3/data/jrc_cos7-1a/jrc_cos7-1a.zarr","recon-1/em/fibsem-uint8","/root/autodl-tmp/CMS-teamPROJ3/data/jrc_cos7-1a/jrc_cos7-1a.zarr","recon-1/labels/groundtruth/crop256/[endo_lum,cyto,endo_mem,pm,ecs,bg]"
"train","/root/autodl-tmp/CMS-teamPROJ3/data/jrc_cos7-1a/jrc_cos7-1a.zarr","recon-1/em/fibsem-uint8","/root/autodl-tmp/CMS-teamPROJ3/data/jrc_cos7-1a/jrc_cos7-1a.zarr","recon-1/labels/groundtruth/crop292/[endo_lum,cyto,endo_mem,pm,ecs,bg]"
"validate","/root/autodl-tmp/CMS-teamPROJ3/data/jrc_cos7-1b/jrc_cos7-1b.zarr","recon-1/em/fibsem-uint8","/root/autodl-tmp/CMS-teamPROJ3/data/jrc_cos7-1b/jrc_cos7-1b.zarr","recon-1/labels/groundtruth/crop235/[endo_lum,cyto,endo_mem,pm,ecs,bg]"
"train","/root/autodl-tmp/CMS-teamPROJ3/data/jrc_cos7-1b/jrc_cos7-1b.zarr","recon-1/em/fibsem-uint8","/root/autodl-tmp/CMS-teamPROJ3/data/jrc_cos7-1b/jrc_cos7-1b.zarr","recon-1/labels/groundtruth/crop240/[endo_lum,cyto,endo_mem,pm,ecs,bg]"
"train","/root/autodl-tmp/CMS-teamPROJ3/data/jrc_cos7-1b/jrc_cos7-1b.zarr","recon-1/em/fibsem-uint8","/root/autodl-tmp/CMS-teamPROJ3/data/jrc_cos7-1b/jrc_cos7-1b.zarr","recon-1/labels/groundtruth/crop241/[endo_lum,cyto,endo_mem,pm,ecs,bg]"
"train","/root/autodl-tmp/CMS-teamPROJ3/data/jrc_cos7-1b/jrc_cos7-1b.zarr","recon-1/em/fibsem-uint8","/root/autodl-tmp/CMS-teamPROJ3/data/jrc_cos7-1b/jrc_cos7-1b.zarr","recon-1/labels/groundtruth/crop242/[endo_lum,cyto,endo_mem,pm,ecs,bg]"
"train","/root/autodl-tmp/CMS-teamPROJ3/data/jrc_cos7-1b/jrc_cos7-1b.zarr","recon-1/em/fibsem-uint8","/root/autodl-tmp/CMS-teamPROJ3/data/jrc_cos7-1b/jrc_cos7-1b.zarr","recon-1/labels/groundtruth/crop245/[endo_lum,cyto,endo_mem,pm,ecs,bg]"
"train","/root/autodl-tmp/CMS-teamPROJ3/data/jrc_cos7-1b/jrc_cos7-1b.zarr","recon-1/em/fibsem-uint8","/root/autodl-tmp/CMS-teamPROJ3/data/jrc_cos7-1b/jrc_cos7-1b.zarr","recon-1/labels/groundtruth/crop249/[endo_lum,cyto,endo_mem,pm,ecs,bg]"
"train","/root/autodl-tmp/CMS-teamPROJ3/data/jrc_cos7-1b/jrc_cos7-1b.zarr","recon-1/em/fibsem-uint8","/root/autodl-tmp/CMS-teamPROJ3/data/jrc_cos7-1b/jrc_cos7-1b.zarr","recon-1/labels/groundtruth/crop255/[endo_lum,cyto,endo_mem,pm,ecs,bg]"
"train","/root/autodl-tmp/CMS-teamPROJ3/data/jrc_cos7-1b/jrc_cos7-1b.zarr","recon-1/em/fibsem-uint8","/root/autodl-tmp/CMS-teamPROJ3/data/jrc_cos7-1b/jrc_cos7-1b.zarr","recon-1/labels/groundtruth/crop258/[endo_lum,cyto,endo_mem,pm,ecs,bg]"
"train","/root/autodl-tmp/CMS-teamPROJ3/data/jrc_cos7-1b/jrc_cos7-1b.zarr","recon-1/em/fibsem-uint8","/root/autodl-tmp/CMS-teamPROJ3/data/jrc_cos7-1b/jrc_cos7-1b.zarr","recon-1/labels/groundtruth/crop259/[endo_lum,cyto,endo_mem,pm,ecs,bg]"
"train","/root/autodl-tmp/CMS-teamPROJ3/data/jrc_cos7-1b/jrc_cos7-1b.zarr","recon-1/em/fibsem-uint8","/root/autodl-tmp/CMS-teamPROJ3/data/jrc_cos7-1b/jrc_cos7-1b.zarr","recon-1/labels/groundtruth/crop291/[endo_lum,cyto,endo_mem,pm,ecs,bg]"
"train","/root/autodl-tmp/CMS-teamPROJ3/data/jrc_ctl-id8-1/jrc_ctl-id8-1.zarr","recon-1/em/fibsem-uint8","/root/autodl-tmp/CMS-teamPROJ3/data/jrc_ctl-id8-1/jrc_ctl-id8-1.zarr","recon-1/labels/groundtruth/crop116/[endo_lum,cyto,endo_mem,pm,ecs,bg]"
"validate","/root/autodl-tmp/CMS-teamPROJ3/data/jrc_ctl-id8-1/jrc_ctl-id8-1.zarr","recon-1/em/fibsem-uint8","/root/autodl-tmp/CMS-teamPROJ3/data/jrc_ctl-id8-1/jrc_ctl-id8-1.zarr","recon-1/labels/groundtruth/crop117/[endo_lum,cyto,endo_mem,pm,ecs,bg]"
"train","/root/autodl-tmp/CMS-teamPROJ3/data/jrc_ctl-id8-1/jrc_ctl-id8-1.zarr","recon-1/em/fibsem-uint8","/root/autodl-tmp/CMS-teamPROJ3/data/jrc_ctl-id8-1/jrc_ctl-id8-1.zarr","recon-1/labels/groundtruth/crop118/[endo_lum,cyto,endo_mem,pm,ecs,bg]"
"train","/root/autodl-tmp/CMS-teamPROJ3/data/jrc_ctl-id8-1/jrc_ctl-id8-1.zarr","recon-1/em/fibsem-uint8","/root/autodl-tmp/CMS-teamPROJ3/data/jrc_ctl-id8-1/jrc_ctl-id8-1.zarr","recon-1/labels/groundtruth/crop119/[endo_lum,cyto,endo_mem,pm,ecs,bg]"
"train","/root/autodl-tmp/CMS-teamPROJ3/data/jrc_ctl-id8-1/jrc_ctl-id8-1.zarr","recon-1/em/fibsem-uint8","/root/autodl-tmp/CMS-teamPROJ3/data/jrc_ctl-id8-1/jrc_ctl-id8-1.zarr","recon-1/labels/groundtruth/crop130/[endo_lum,cyto,endo_mem,pm,ecs,bg]"
"train","/root/autodl-tmp/CMS-teamPROJ3/data/jrc_fly-mb-1a/jrc_fly-mb-1a.zarr","recon-1/em/fibsem-uint8","/root/autodl-tmp/CMS-teamPROJ3/data/jrc_fly-mb-1a/jrc_fly-mb-1a.zarr","recon-1/labels/groundtruth/crop120/[endo_lum,cyto,endo_mem,pm,ecs,bg]"
"train","/root/autodl-tmp/CMS-teamPROJ3/data/jrc_fly-mb-1a/jrc_fly-mb-1a.zarr","recon-1/em/fibsem-uint8","/root/autodl-tmp/CMS-teamPROJ3/data/jrc_fly-mb-1a/jrc_fly-mb-1a.zarr","recon-1/labels/groundtruth/crop121/[endo_lum,cyto,endo_mem,pm,ecs,bg]"
"train","/root/autodl-tmp/CMS-teamPROJ3/data/jrc_fly-mb-1a/jrc_fly-mb-1a.zarr","recon-1/em/fibsem-uint8","/root/autodl-tmp/CMS-teamPROJ3/data/jrc_fly-mb-1a/jrc_fly-mb-1a.zarr","recon-1/labels/groundtruth/crop122/[endo_lum,cyto,endo_mem,pm,ecs,bg]"
"train","/root/autodl-tmp/CMS-teamPROJ3/data/jrc_fly-mb-1a/jrc_fly-mb-1a.zarr","recon-1/em/fibsem-uint8","/root/autodl-tmp/CMS-teamPROJ3/data/jrc_fly-mb-1a/jrc_fly-mb-1a.zarr","recon-1/labels/groundtruth/crop123/[endo_lum,cyto,endo_mem,pm,ecs,bg]"
"validate","/root/autodl-tmp/CMS-teamPROJ3/data/jrc_fly-mb-1a/jrc_fly-mb-1a.zarr","recon-1/em/fibsem-uint8","/root/autodl-tmp/CMS-teamPROJ3/data/jrc_fly-mb-1a/jrc_fly-mb-1a.zarr","recon-1/labels/groundtruth/crop134/[endo_lum,cyto,endo_mem,pm,ecs,bg]"
"train","/root/autodl-tmp/CMS-teamPROJ3/data/jrc_fly-mb-1a/jrc_fly-mb-1a.zarr","recon-1/em/fibsem-uint8","/root/autodl-tmp/CMS-teamPROJ3/data/jrc_fly-mb-1a/jrc_fly-mb-1a.zarr","recon-1/labels/groundtruth/crop178/[endo_lum,cyto,endo_mem,pm,ecs,bg]"
"train","/root/autodl-tmp/CMS-teamPROJ3/data/jrc_fly-vnc-1/jrc_fly-vnc-1.zarr","recon-1/em/fibsem-uint8","/root/autodl-tmp/CMS-teamPROJ3/data/jrc_fly-vnc-1/jrc_fly-vnc-1.zarr","recon-1/labels/groundtruth/crop173/[endo_lum,cyto,endo_mem,pm,ecs,bg]"
"validate","/root/autodl-tmp/CMS-teamPROJ3/data/jrc_fly-vnc-1/jrc_fly-vnc-1.zarr","recon-1/em/fibsem-uint8","/root/autodl-tmp/CMS-teamPROJ3/data/jrc_fly-vnc-1/jrc_fly-vnc-1.zarr","recon-1/labels/groundtruth/crop174/[endo_lum,cyto,endo_mem,pm,ecs,bg]"
"train","/root/autodl-tmp/CMS-teamPROJ3/data/jrc_fly-vnc-1/jrc_fly-vnc-1.zarr","recon-1/em/fibsem-uint8","/root/autodl-tmp/CMS-teamPROJ3/data/jrc_fly-vnc-1/jrc_fly-vnc-1.zarr","recon-1/labels/groundtruth/crop176/[endo_lum,cyto,endo_mem,pm,ecs,bg]"
"train","/root/autodl-tmp/CMS-teamPROJ3/data/jrc_fly-vnc-1/jrc_fly-vnc-1.zarr","recon-1/em/fibsem-uint8","/root/autodl-tmp/CMS-teamPROJ3/data/jrc_fly-vnc-1/jrc_fly-vnc-1.zarr","recon-1/labels/groundtruth/crop185/[endo_lum,cyto,endo_mem,pm,ecs,bg]"
"train","/root/autodl-tmp/CMS-teamPROJ3/data/jrc_fly-vnc-1/jrc_fly-vnc-1.zarr","recon-1/em/fibsem-uint8","/root/autodl-tmp/CMS-teamPROJ3/data/jrc_fly-vnc-1/jrc_fly-vnc-1.zarr","recon-1/labels/groundtruth/crop78/[endo_lum,cyto,endo_mem,pm,ecs,bg]"
"train","/root/autodl-tmp/CMS-teamPROJ3/data/jrc_fly-vnc-1/jrc_fly-vnc-1.zarr","recon-1/em/fibsem-uint8","/root/autodl-tmp/CMS-teamPROJ3/data/jrc_fly-vnc-1/jrc_fly-vnc-1.zarr","recon-1/labels/groundtruth/crop79/[endo_lum,cyto,endo_mem,pm,ecs,bg]"
"validate","/root/autodl-tmp/CMS-teamPROJ3/data/jrc_hela-2/jrc_hela-2.zarr","recon-1/em/fibsem-uint8","/root/autodl-tmp/CMS-teamPROJ3/data/jrc_hela-2/jrc_hela-2.zarr","recon-1/labels/groundtruth/crop1/[endo_lum,cyto,endo_mem,pm,ecs,bg]"
"train","/root/autodl-tmp/CMS-teamPROJ3/data/jrc_hela-2/jrc_hela-2.zarr","recon-1/em/fibsem-uint8","/root/autodl-tmp/CMS-teamPROJ3/data/jrc_hela-2/jrc_hela-2.zarr","recon-1/labels/groundtruth/crop113/[endo_lum,cyto,endo_mem,pm,ecs,bg]"
"train","/root/autodl-tmp/CMS-teamPROJ3/data/jrc_hela-2/jrc_hela-2.zarr","recon-1/em/fibsem-uint8","/root/autodl-tmp/CMS-teamPROJ3/data/jrc_hela-2/jrc_hela-2.zarr","recon-1/labels/groundtruth/crop13/[endo_lum,cyto,endo_mem,pm,ecs,bg]"
"validate","/root/autodl-tmp/CMS-teamPROJ3/data/jrc_hela-2/jrc_hela-2.zarr","recon-1/em/fibsem-uint8","/root/autodl-tmp/CMS-teamPROJ3/data/jrc_hela-2/jrc_hela-2.zarr","recon-1/labels/groundtruth/crop14/[endo_lum,cyto,endo_mem,pm,ecs,bg]"
"train","/root/autodl-tmp/CMS-teamPROJ3/data/jrc_hela-2/jrc_hela-2.zarr","recon-1/em/fibsem-uint8","/root/autodl-tmp/CMS-teamPROJ3/data/jrc_hela-2/jrc_hela-2.zarr","recon-1/labels/groundtruth/crop15/[endo_lum,cyto,endo_mem,pm,ecs,bg]"
"validate","/root/autodl-tmp/CMS-teamPROJ3/data/jrc_hela-2/jrc_hela-2.zarr","recon-1/em/fibsem-uint8","/root/autodl-tmp/CMS-teamPROJ3/data/jrc_hela-2/jrc_hela-2.zarr","recon-1/labels/groundtruth/crop155/[endo_lum,cyto,endo_mem,pm,ecs,bg]"
"train","/root/autodl-tmp/CMS-teamPROJ3/data/jrc_hela-2/jrc_hela-2.zarr","recon-1/em/fibsem-uint8","/root/autodl-tmp/CMS-teamPROJ3/data/jrc_hela-2/jrc_hela-2.zarr","recon-1/labels/groundtruth/crop16/[endo_lum,cyto,endo_mem,pm,ecs,bg]"
"train","/root/autodl-tmp/CMS-teamPROJ3/data/jrc_hela-2/jrc_hela-2.zarr","recon-1/em/fibsem-uint8","/root/autodl-tmp/CMS-teamPROJ3/data/jrc_hela-2/jrc_hela-2.zarr","recon-1/labels/groundtruth/crop18/[endo_lum,cyto,endo_mem,pm,ecs,bg]"
"train","/root/autodl-tmp/CMS-teamPROJ3/data/jrc_hela-2/jrc_hela-2.zarr","recon-1/em/fibsem-uint8","/root/autodl-tmp/CMS-teamPROJ3/data/jrc_hela-2/jrc_hela-2.zarr","recon-1/labels/groundtruth/crop19/[endo_lum,cyto,endo_mem,pm,ecs,bg]"
"train","/root/autodl-tmp/CMS-teamPROJ3/data/jrc_hela-2/jrc_hela-2.zarr","recon-1/em/fibsem-uint8","/root/autodl-tmp/CMS-teamPROJ3/data/jrc_hela-2/jrc_hela-2.zarr","recon-1/labels/groundtruth/crop23/[endo_lum,cyto,endo_mem,pm,ecs,bg]"
"train","/root/autodl-tmp/CMS-teamPROJ3/data/jrc_hela-2/jrc_hela-2.zarr","recon-1/em/fibsem-uint8","/root/autodl-tmp/CMS-teamPROJ3/data/jrc_hela-2/jrc_hela-2.zarr","recon-1/labels/groundtruth/crop28/[endo_lum,cyto,endo_mem,pm,ecs,bg]"
"train","/root/autodl-tmp/CMS-teamPROJ3/data/jrc_hela-2/jrc_hela-2.zarr","recon-1/em/fibsem-uint8","/root/autodl-tmp/CMS-teamPROJ3/data/jrc_hela-2/jrc_hela-2.zarr","recon-1/labels/groundtruth/crop3/[endo_lum,cyto,endo_mem,pm,ecs,bg]"
"train","/root/autodl-tmp/CMS-teamPROJ3/data/jrc_hela-2/jrc_hela-2.zarr","recon-1/em/fibsem-uint8","/root/autodl-tmp/CMS-teamPROJ3/data/jrc_hela-2/jrc_hela-2.zarr","recon-1/labels/groundtruth/crop4/[endo_lum,cyto,endo_mem,pm,ecs,bg]"
"train","/root/autodl-tmp/CMS-teamPROJ3/data/jrc_hela-2/jrc_hela-2.zarr","recon-1/em/fibsem-uint8","/root/autodl-tmp/CMS-teamPROJ3/data/jrc_hela-2/jrc_hela-2.zarr","recon-1/labels/groundtruth/crop54/[endo_lum,cyto,endo_mem,pm,ecs,bg]"
"train","/root/autodl-tmp/CMS-teamPROJ3/data/jrc_hela-2/jrc_hela-2.zarr","recon-1/em/fibsem-uint8","/root/autodl-tmp/CMS-teamPROJ3/data/jrc_hela-2/jrc_hela-2.zarr","recon-1/labels/groundtruth/crop55/[endo_lum,cyto,endo_mem,pm,ecs,bg]"
"train","/root/autodl-tmp/CMS-teamPROJ3/data/jrc_hela-2/jrc_hela-2.zarr","recon-1/em/fibsem-uint8","/root/autodl-tmp/CMS-teamPROJ3/data/jrc_hela-2/jrc_hela-2.zarr","recon-1/labels/groundtruth/crop56/[endo_lum,cyto,endo_mem,pm,ecs,bg]"
"train","/root/autodl-tmp/CMS-teamPROJ3/data/jrc_hela-2/jrc_hela-2.zarr","recon-1/em/fibsem-uint8","/root/autodl-tmp/CMS-teamPROJ3/data/jrc_hela-2/jrc_hela-2.zarr","recon-1/labels/groundtruth/crop57/[endo_lum,cyto,endo_mem,pm,ecs,bg]"
"train","/root/autodl-tmp/CMS-teamPROJ3/data/jrc_hela-2/jrc_hela-2.zarr","recon-1/em/fibsem-uint8","/root/autodl-tmp/CMS-teamPROJ3/data/jrc_hela-2/jrc_hela-2.zarr","recon-1/labels/groundtruth/crop58/[endo_lum,cyto,endo_mem,pm,ecs,bg]"
"train","/root/autodl-tmp/CMS-teamPROJ3/data/jrc_hela-2/jrc_hela-2.zarr","recon-1/em/fibsem-uint8","/root/autodl-tmp/CMS-teamPROJ3/data/jrc_hela-2/jrc_hela-2.zarr","recon-1/labels/groundtruth/crop59/[endo_lum,cyto,endo_mem,pm,ecs,bg]"
"validate","/root/autodl-tmp/CMS-teamPROJ3/data/jrc_hela-2/jrc_hela-2.zarr","recon-1/em/fibsem-uint8","/root/autodl-tmp/CMS-teamPROJ3/data/jrc_hela-2/jrc_hela-2.zarr","recon-1/labels/groundtruth/crop6/[endo_lum,cyto,endo_mem,pm,ecs,bg]"
"train","/root/autodl-tmp/CMS-teamPROJ3/data/jrc_hela-2/jrc_hela-2.zarr","recon-1/em/fibsem-uint8","/root/autodl-tmp/CMS-teamPROJ3/data/jrc_hela-2/jrc_hela-2.zarr","recon-1/labels/groundtruth/crop7/[endo_lum,cyto,endo_mem,pm,ecs,bg]"
"validate","/root/autodl-tmp/CMS-teamPROJ3/data/jrc_hela-2/jrc_hela-2.zarr","recon-1/em/fibsem-uint8","/root/autodl-tmp/CMS-teamPROJ3/data/jrc_hela-2/jrc_hela-2.zarr","recon-1/labels/groundtruth/crop8/[endo_lum,cyto,endo_mem,pm,ecs,bg]"
"train","/root/autodl-tmp/CMS-teamPROJ3/data/jrc_hela-2/jrc_hela-2.zarr","recon-1/em/fibsem-uint8","/root/autodl-tmp/CMS-teamPROJ3/data/jrc_hela-2/jrc_hela-2.zarr","recon-1/labels/groundtruth/crop9/[endo_lum,cyto,endo_mem,pm,ecs,bg]"
"train","/root/autodl-tmp/CMS-teamPROJ3/data/jrc_hela-2/jrc_hela-2.zarr","recon-1/em/fibsem-uint8","/root/autodl-tmp/CMS-teamPROJ3/data/jrc_hela-2/jrc_hela-2.zarr","recon-1/labels/groundtruth/crop94/[endo_lum,cyto,endo_mem,pm,ecs,bg]"
"train","/root/autodl-tmp/CMS-teamPROJ3/data/jrc_hela-2/jrc_hela-2.zarr","recon-1/em/fibsem-uint8","/root/autodl-tmp/CMS-teamPROJ3/data/jrc_hela-2/jrc_hela-2.zarr","recon-1/labels/groundtruth/crop95/[endo_lum,cyto,endo_mem,pm,ecs,bg]"
"train","/root/autodl-tmp/CMS-teamPROJ3/data/jrc_hela-2/jrc_hela-2.zarr","recon-1/em/fibsem-uint8","/root/autodl-tmp/CMS-teamPROJ3/data/jrc_hela-2/jrc_hela-2.zarr","recon-1/labels/groundtruth/crop96/[endo_lum,cyto,endo_mem,pm,ecs,bg]"
"train","/root/autodl-tmp/CMS-teamPROJ3/data/jrc_hela-3/jrc_hela-3.zarr","recon-1/em/fibsem-uint8","/root/autodl-tmp/CMS-teamPROJ3/data/jrc_hela-3/jrc_hela-3.zarr","recon-1/labels/groundtruth/crop101/[endo_lum,cyto,endo_mem,pm,ecs,bg]"
"train","/root/autodl-tmp/CMS-teamPROJ3/data/jrc_hela-3/jrc_hela-3.zarr","recon-1/em/fibsem-uint8","/root/autodl-tmp/CMS-teamPROJ3/data/jrc_hela-3/jrc_hela-3.zarr","recon-1/labels/groundtruth/crop111/[endo_lum,cyto,endo_mem,pm,ecs,bg]"
"train","/root/autodl-tmp/CMS-teamPROJ3/data/jrc_hela-3/jrc_hela-3.zarr","recon-1/em/fibsem-uint8","/root/autodl-tmp/CMS-teamPROJ3/data/jrc_hela-3/jrc_hela-3.zarr","recon-1/labels/groundtruth/crop181/[endo_lum,cyto,endo_mem,pm,ecs,bg]"
"validate","/root/autodl-tmp/CMS-teamPROJ3/data/jrc_hela-3/jrc_hela-3.zarr","recon-1/em/fibsem-uint8","/root/autodl-tmp/CMS-teamPROJ3/data/jrc_hela-3/jrc_hela-3.zarr","recon-1/labels/groundtruth/crop27/[endo_lum,cyto,endo_mem,pm,ecs,bg]"
"train","/root/autodl-tmp/CMS-teamPROJ3/data/jrc_hela-3/jrc_hela-3.zarr","recon-1/em/fibsem-uint8","/root/autodl-tmp/CMS-teamPROJ3/data/jrc_hela-3/jrc_hela-3.zarr","recon-1/labels/groundtruth/crop33/[endo_lum,cyto,endo_mem,pm,ecs,bg]"
"validate","/root/autodl-tmp/CMS-teamPROJ3/data/jrc_hela-3/jrc_hela-3.zarr","recon-1/em/fibsem-uint8","/root/autodl-tmp/CMS-teamPROJ3/data/jrc_hela-3/jrc_hela-3.zarr","recon-1/labels/groundtruth/crop34/[endo_lum,cyto,endo_mem,pm,ecs,bg]"
"train","/root/autodl-tmp/CMS-teamPROJ3/data/jrc_hela-3/jrc_hela-3.zarr","recon-1/em/fibsem-uint8","/root/autodl-tmp/CMS-teamPROJ3/data/jrc_hela-3/jrc_hela-3.zarr","recon-1/labels/groundtruth/crop50/[endo_lum,cyto,endo_mem,pm,ecs,bg]"
"train","/root/autodl-tmp/CMS-teamPROJ3/data/jrc_hela-3/jrc_hela-3.zarr","recon-1/em/fibsem-uint8","/root/autodl-tmp/CMS-teamPROJ3/data/jrc_hela-3/jrc_hela-3.zarr","recon-1/labels/groundtruth/crop51/[endo_lum,cyto,endo_mem,pm,ecs,bg]"
"train","/root/autodl-tmp/CMS-teamPROJ3/data/jrc_hela-3/jrc_hela-3.zarr","recon-1/em/fibsem-uint8","/root/autodl-tmp/CMS-teamPROJ3/data/jrc_hela-3/jrc_hela-3.zarr","recon-1/labels/groundtruth/crop60/[endo_lum,cyto,endo_mem,pm,ecs,bg]"
"validate","/root/autodl-tmp/CMS-teamPROJ3/data/jrc_hela-3/jrc_hela-3.zarr","recon-1/em/fibsem-uint8","/root/autodl-tmp/CMS-teamPROJ3/data/jrc_hela-3/jrc_hela-3.zarr","recon-1/labels/groundtruth/crop61/[endo_lum,cyto,endo_mem,pm,ecs,bg]"
"train","/root/autodl-tmp/CMS-teamPROJ3/data/jrc_hela-3/jrc_hela-3.zarr","recon-1/em/fibsem-uint8","/root/autodl-tmp/CMS-teamPROJ3/data/jrc_hela-3/jrc_hela-3.zarr","recon-1/labels/groundtruth/crop62/[endo_lum,cyto,endo_mem,pm,ecs,bg]"
"train","/root/autodl-tmp/CMS-teamPROJ3/data/jrc_hela-3/jrc_hela-3.zarr","recon-1/em/fibsem-uint8","/root/autodl-tmp/CMS-teamPROJ3/data/jrc_hela-3/jrc_hela-3.zarr","recon-1/labels/groundtruth/crop63/[endo_lum,cyto,endo_mem,pm,ecs,bg]"
"train","/root/autodl-tmp/CMS-teamPROJ3/data/jrc_hela-3/jrc_hela-3.zarr","recon-1/em/fibsem-uint8","/root/autodl-tmp/CMS-teamPROJ3/data/jrc_hela-3/jrc_hela-3.zarr","recon-1/labels/groundtruth/crop64/[endo_lum,cyto,endo_mem,pm,ecs,bg]"
"train","/root/autodl-tmp/CMS-teamPROJ3/data/jrc_hela-3/jrc_hela-3.zarr","recon-1/em/fibsem-uint8","/root/autodl-tmp/CMS-teamPROJ3/data/jrc_hela-3/jrc_hela-3.zarr","recon-1/labels/groundtruth/crop65/[endo_lum,cyto,endo_mem,pm,ecs,bg]"
"validate","/root/autodl-tmp/CMS-teamPROJ3/data/jrc_hela-3/jrc_hela-3.zarr","recon-1/em/fibsem-uint8","/root/autodl-tmp/CMS-teamPROJ3/data/jrc_hela-3/jrc_hela-3.zarr","recon-1/labels/groundtruth/crop85/[endo_lum,cyto,endo_mem,pm,ecs,bg]"
"train","/root/autodl-tmp/CMS-teamPROJ3/data/jrc_hela-3/jrc_hela-3.zarr","recon-1/em/fibsem-uint8","/root/autodl-tmp/CMS-teamPROJ3/data/jrc_hela-3/jrc_hela-3.zarr","recon-1/labels/groundtruth/crop86/[endo_lum,cyto,endo_mem,pm,ecs,bg]"
"validate","/root/autodl-tmp/CMS-teamPROJ3/data/jrc_hela-3/jrc_hela-3.zarr","recon-1/em/fibsem-uint8","/root/autodl-tmp/CMS-teamPROJ3/data/jrc_hela-3/jrc_hela-3.zarr","recon-1/labels/groundtruth/crop87/[endo_lum,cyto,endo_mem,pm,ecs,bg]"
"train","/root/autodl-tmp/CMS-teamPROJ3/data/jrc_jurkat-1/jrc_jurkat-1.zarr","recon-1/em/fibsem-uint8","/root/autodl-tmp/CMS-teamPROJ3/data/jrc_jurkat-1/jrc_jurkat-1.zarr","recon-1/labels/groundtruth/crop107/[endo_lum,cyto,endo_mem,pm,ecs,bg]"
"train","/root/autodl-tmp/CMS-teamPROJ3/data/jrc_jurkat-1/jrc_jurkat-1.zarr","recon-1/em/fibsem-uint8","/root/autodl-tmp/CMS-teamPROJ3/data/jrc_jurkat-1/jrc_jurkat-1.zarr","recon-1/labels/groundtruth/crop112/[endo_lum,cyto,endo_mem,pm,ecs,bg]"
"train","/root/autodl-tmp/CMS-teamPROJ3/data/jrc_jurkat-1/jrc_jurkat-1.zarr","recon-1/em/fibsem-uint8","/root/autodl-tmp/CMS-teamPROJ3/data/jrc_jurkat-1/jrc_jurkat-1.zarr","recon-1/labels/groundtruth/crop126/[endo_lum,cyto,endo_mem,pm,ecs,bg]"
"validate","/root/autodl-tmp/CMS-teamPROJ3/data/jrc_jurkat-1/jrc_jurkat-1.zarr","recon-1/em/fibsem-uint8","/root/autodl-tmp/CMS-teamPROJ3/data/jrc_jurkat-1/jrc_jurkat-1.zarr","recon-1/labels/groundtruth/crop180/[endo_lum,cyto,endo_mem,pm,ecs,bg]"
"train","/root/autodl-tmp/CMS-teamPROJ3/data/jrc_jurkat-1/jrc_jurkat-1.zarr","recon-1/em/fibsem-uint8","/root/autodl-tmp/CMS-teamPROJ3/data/jrc_jurkat-1/jrc_jurkat-1.zarr","recon-1/labels/groundtruth/crop182/[endo_lum,cyto,endo_mem,pm,ecs,bg]"
"train","/root/autodl-tmp/CMS-teamPROJ3/data/jrc_jurkat-1/jrc_jurkat-1.zarr","recon-1/em/fibsem-uint8","/root/autodl-tmp/CMS-teamPROJ3/data/jrc_jurkat-1/jrc_jurkat-1.zarr","recon-1/labels/groundtruth/crop35/[endo_lum,cyto,endo_mem,pm,ecs,bg]"
"train","/root/autodl-tmp/CMS-teamPROJ3/data/jrc_jurkat-1/jrc_jurkat-1.zarr","recon-1/em/fibsem-uint8","/root/autodl-tmp/CMS-teamPROJ3/data/jrc_jurkat-1/jrc_jurkat-1.zarr","recon-1/labels/groundtruth/crop36/[endo_lum,cyto,endo_mem,pm,ecs,bg]"
"train","/root/autodl-tmp/CMS-teamPROJ3/data/jrc_jurkat-1/jrc_jurkat-1.zarr","recon-1/em/fibsem-uint8","/root/autodl-tmp/CMS-teamPROJ3/data/jrc_jurkat-1/jrc_jurkat-1.zarr","recon-1/labels/groundtruth/crop37/[endo_lum,cyto,endo_mem,pm,ecs,bg]"
"train","/root/autodl-tmp/CMS-teamPROJ3/data/jrc_jurkat-1/jrc_jurkat-1.zarr","recon-1/em/fibsem-uint8","/root/autodl-tmp/CMS-teamPROJ3/data/jrc_jurkat-1/jrc_jurkat-1.zarr","recon-1/labels/groundtruth/crop38/[endo_lum,cyto,endo_mem,pm,ecs,bg]"
"train","/root/autodl-tmp/CMS-teamPROJ3/data/jrc_jurkat-1/jrc_jurkat-1.zarr","recon-1/em/fibsem-uint8","/root/autodl-tmp/CMS-teamPROJ3/data/jrc_jurkat-1/jrc_jurkat-1.zarr","recon-1/labels/groundtruth/crop43/[endo_lum,cyto,endo_mem,pm,ecs,bg]"
"validate","/root/autodl-tmp/CMS-teamPROJ3/data/jrc_jurkat-1/jrc_jurkat-1.zarr","recon-1/em/fibsem-uint8","/root/autodl-tmp/CMS-teamPROJ3/data/jrc_jurkat-1/jrc_jurkat-1.zarr","recon-1/labels/groundtruth/crop47/[endo_lum,cyto,endo_mem,pm,ecs,bg]"
"train","/root/autodl-tmp/CMS-teamPROJ3/data/jrc_jurkat-1/jrc_jurkat-1.zarr","recon-1/em/fibsem-uint8","/root/autodl-tmp/CMS-teamPROJ3/data/jrc_jurkat-1/jrc_jurkat-1.zarr","recon-1/labels/groundtruth/crop66/[endo_lum,cyto,endo_mem,pm,ecs,bg]"
"train","/root/autodl-tmp/CMS-teamPROJ3/data/jrc_jurkat-1/jrc_jurkat-1.zarr","recon-1/em/fibsem-uint8","/root/autodl-tmp/CMS-teamPROJ3/data/jrc_jurkat-1/jrc_jurkat-1.zarr","recon-1/labels/groundtruth/crop67/[endo_lum,cyto,endo_mem,pm,ecs,bg]"
"train","/root/autodl-tmp/CMS-teamPROJ3/data/jrc_jurkat-1/jrc_jurkat-1.zarr","recon-1/em/fibsem-uint8","/root/autodl-tmp/CMS-teamPROJ3/data/jrc_jurkat-1/jrc_jurkat-1.zarr","recon-1/labels/groundtruth/crop68/[endo_lum,cyto,endo_mem,pm,ecs,bg]"
"train","/root/autodl-tmp/CMS-teamPROJ3/data/jrc_jurkat-1/jrc_jurkat-1.zarr","recon-1/em/fibsem-uint8","/root/autodl-tmp/CMS-teamPROJ3/data/jrc_jurkat-1/jrc_jurkat-1.zarr","recon-1/labels/groundtruth/crop69/[endo_lum,cyto,endo_mem,pm,ecs,bg]"
"train","/root/autodl-tmp/CMS-teamPROJ3/data/jrc_jurkat-1/jrc_jurkat-1.zarr","recon-1/em/fibsem-uint8","/root/autodl-tmp/CMS-teamPROJ3/data/jrc_jurkat-1/jrc_jurkat-1.zarr","recon-1/labels/groundtruth/crop70/[endo_lum,cyto,endo_mem,pm,ecs,bg]"
"train","/root/autodl-tmp/CMS-teamPROJ3/data/jrc_jurkat-1/jrc_jurkat-1.zarr","recon-1/em/fibsem-uint8","/root/autodl-tmp/CMS-teamPROJ3/data/jrc_jurkat-1/jrc_jurkat-1.zarr","recon-1/labels/groundtruth/crop71/[endo_lum,cyto,endo_mem,pm,ecs,bg]"
"train","/root/autodl-tmp/CMS-teamPROJ3/data/jrc_jurkat-1/jrc_jurkat-1.zarr","recon-1/em/fibsem-uint8","/root/autodl-tmp/CMS-teamPROJ3/data/jrc_jurkat-1/jrc_jurkat-1.zarr","recon-1/labels/groundtruth/crop91/[endo_lum,cyto,endo_mem,pm,ecs,bg]"
"validate","/root/autodl-tmp/CMS-teamPROJ3/data/jrc_jurkat-1/jrc_jurkat-1.zarr","recon-1/em/fibsem-uint8","/root/autodl-tmp/CMS-teamPROJ3/data/jrc_jurkat-1/jrc_jurkat-1.zarr","recon-1/labels/groundtruth/crop92/[endo_lum,cyto,endo_mem,pm,ecs,bg]"
"validate","/root/autodl-tmp/CMS-teamPROJ3/data/jrc_jurkat-1/jrc_jurkat-1.zarr","recon-1/em/fibsem-uint8","/root/autodl-tmp/CMS-teamPROJ3/data/jrc_jurkat-1/jrc_jurkat-1.zarr","recon-1/labels/groundtruth/crop93/[endo_lum,cyto,endo_mem,pm,ecs,bg]"
"validate","/root/autodl-tmp/CMS-teamPROJ3/data/jrc_macrophage-2/jrc_macrophage-2.zarr","recon-1/em/fibsem-uint8","/root/autodl-tmp/CMS-teamPROJ3/data/jrc_macrophage-2/jrc_macrophage-2.zarr","recon-1/labels/groundtruth/crop109/[endo_lum,cyto,endo_mem,pm,ecs,bg]"
"train","/root/autodl-tmp/CMS-teamPROJ3/data/jrc_macrophage-2/jrc_macrophage-2.zarr","recon-1/em/fibsem-uint8","/root/autodl-tmp/CMS-teamPROJ3/data/jrc_macrophage-2/jrc_macrophage-2.zarr","recon-1/labels/groundtruth/crop110/[endo_lum,cyto,endo_mem,pm,ecs,bg]"
"train","/root/autodl-tmp/CMS-teamPROJ3/data/jrc_macrophage-2/jrc_macrophage-2.zarr","recon-1/em/fibsem-uint8","/root/autodl-tmp/CMS-teamPROJ3/data/jrc_macrophage-2/jrc_macrophage-2.zarr","recon-1/labels/groundtruth/crop31/[endo_lum,cyto,endo_mem,pm,ecs,bg]"
"train","/root/autodl-tmp/CMS-teamPROJ3/data/jrc_macrophage-2/jrc_macrophage-2.zarr","recon-1/em/fibsem-uint8","/root/autodl-tmp/CMS-teamPROJ3/data/jrc_macrophage-2/jrc_macrophage-2.zarr","recon-1/labels/groundtruth/crop32/[endo_lum,cyto,endo_mem,pm,ecs,bg]"
"train","/root/autodl-tmp/CMS-teamPROJ3/data/jrc_macrophage-2/jrc_macrophage-2.zarr","recon-1/em/fibsem-uint8","/root/autodl-tmp/CMS-teamPROJ3/data/jrc_macrophage-2/jrc_macrophage-2.zarr","recon-1/labels/groundtruth/crop39/[endo_lum,cyto,endo_mem,pm,ecs,bg]"
"train","/root/autodl-tmp/CMS-teamPROJ3/data/jrc_macrophage-2/jrc_macrophage-2.zarr","recon-1/em/fibsem-uint8","/root/autodl-tmp/CMS-teamPROJ3/data/jrc_macrophage-2/jrc_macrophage-2.zarr","recon-1/labels/groundtruth/crop40/[endo_lum,cyto,endo_mem,pm,ecs,bg]"
"train","/root/autodl-tmp/CMS-teamPROJ3/data/jrc_macrophage-2/jrc_macrophage-2.zarr","recon-1/em/fibsem-uint8","/root/autodl-tmp/CMS-teamPROJ3/data/jrc_macrophage-2/jrc_macrophage-2.zarr","recon-1/labels/groundtruth/crop42/[endo_lum,cyto,endo_mem,pm,ecs,bg]"
"train","/root/autodl-tmp/CMS-teamPROJ3/data/jrc_macrophage-2/jrc_macrophage-2.zarr","recon-1/em/fibsem-uint8","/root/autodl-tmp/CMS-teamPROJ3/data/jrc_macrophage-2/jrc_macrophage-2.zarr","recon-1/labels/groundtruth/crop48/[endo_lum,cyto,endo_mem,pm,ecs,bg]"
"train","/root/autodl-tmp/CMS-teamPROJ3/data/jrc_macrophage-2/jrc_macrophage-2.zarr","recon-1/em/fibsem-uint8","/root/autodl-tmp/CMS-teamPROJ3/data/jrc_macrophage-2/jrc_macrophage-2.zarr","recon-1/labels/groundtruth/crop49/[endo_lum,cyto,endo_mem,pm,ecs,bg]"
"validate","/root/autodl-tmp/CMS-teamPROJ3/data/jrc_macrophage-2/jrc_macrophage-2.zarr","recon-1/em/fibsem-uint8","/root/autodl-tmp/CMS-teamPROJ3/data/jrc_macrophage-2/jrc_macrophage-2.zarr","recon-1/labels/groundtruth/crop72/[endo_lum,cyto,endo_mem,pm,ecs,bg]"
"train","/root/autodl-tmp/CMS-teamPROJ3/data/jrc_macrophage-2/jrc_macrophage-2.zarr","recon-1/em/fibsem-uint8","/root/autodl-tmp/CMS-teamPROJ3/data/jrc_macrophage-2/jrc_macrophage-2.zarr","recon-1/labels/groundtruth/crop73/[endo_lum,cyto,endo_mem,pm,ecs,bg]"
"train","/root/autodl-tmp/CMS-teamPROJ3/data/jrc_macrophage-2/jrc_macrophage-2.zarr","recon-1/em/fibsem-uint8","/root/autodl-tmp/CMS-teamPROJ3/data/jrc_macrophage-2/jrc_macrophage-2.zarr","recon-1/labels/groundtruth/crop74/[endo_lum,cyto,endo_mem,pm,ecs,bg]"
"train","/root/autodl-tmp/CMS-teamPROJ3/data/jrc_macrophage-2/jrc_macrophage-2.zarr","recon-1/em/fibsem-uint8","/root/autodl-tmp/CMS-teamPROJ3/data/jrc_macrophage-2/jrc_macrophage-2.zarr","recon-1/labels/groundtruth/crop75/[endo_lum,cyto,endo_mem,pm,ecs,bg]"
"train","/root/autodl-tmp/CMS-teamPROJ3/data/jrc_macrophage-2/jrc_macrophage-2.zarr","recon-1/em/fibsem-uint8","/root/autodl-tmp/CMS-teamPROJ3/data/jrc_macrophage-2/jrc_macrophage-2.zarr","recon-1/labels/groundtruth/crop76/[endo_lum,cyto,endo_mem,pm,ecs,bg]"
"train","/root/autodl-tmp/CMS-teamPROJ3/data/jrc_macrophage-2/jrc_macrophage-2.zarr","recon-1/em/fibsem-uint8","/root/autodl-tmp/CMS-teamPROJ3/data/jrc_macrophage-2/jrc_macrophage-2.zarr","recon-1/labels/groundtruth/crop77/[endo_lum,cyto,endo_mem,pm,ecs,bg]"
"train","/root/autodl-tmp/CMS-teamPROJ3/data/jrc_macrophage-2/jrc_macrophage-2.zarr","recon-1/em/fibsem-uint8","/root/autodl-tmp/CMS-teamPROJ3/data/jrc_macrophage-2/jrc_macrophage-2.zarr","recon-1/labels/groundtruth/crop88/[endo_lum,cyto,endo_mem,pm,ecs,bg]"
"train","/root/autodl-tmp/CMS-teamPROJ3/data/jrc_macrophage-2/jrc_macrophage-2.zarr","recon-1/em/fibsem-uint8","/root/autodl-tmp/CMS-teamPROJ3/data/jrc_macrophage-2/jrc_macrophage-2.zarr","recon-1/labels/groundtruth/crop89/[endo_lum,cyto,endo_mem,pm,ecs,bg]"
"train","/root/autodl-tmp/CMS-teamPROJ3/data/jrc_macrophage-2/jrc_macrophage-2.zarr","recon-1/em/fibsem-uint8","/root/autodl-tmp/CMS-teamPROJ3/data/jrc_macrophage-2/jrc_macrophage-2.zarr","recon-1/labels/groundtruth/crop90/[endo_lum,cyto,endo_mem,pm,ecs,bg]"
"train","/root/autodl-tmp/CMS-teamPROJ3/data/jrc_mus-kidney/jrc_mus-kidney.zarr","recon-1/em/fibsem-uint8","/root/autodl-tmp/CMS-teamPROJ3/data/jrc_mus-kidney/jrc_mus-kidney.zarr","recon-1/labels/groundtruth/crop129/[endo_lum,cyto,endo_mem,pm,ecs,bg]"
"train","/root/autodl-tmp/CMS-teamPROJ3/data/jrc_mus-kidney/jrc_mus-kidney.zarr","recon-1/em/fibsem-uint8","/root/autodl-tmp/CMS-teamPROJ3/data/jrc_mus-kidney/jrc_mus-kidney.zarr","recon-1/labels/groundtruth/crop140/[endo_lum,cyto,endo_mem,pm,ecs,bg]"
"train","/root/autodl-tmp/CMS-teamPROJ3/data/jrc_mus-kidney/jrc_mus-kidney.zarr","recon-1/em/fibsem-uint8","/root/autodl-tmp/CMS-teamPROJ3/data/jrc_mus-kidney/jrc_mus-kidney.zarr","recon-1/labels/groundtruth/crop141/[endo_lum,cyto,endo_mem,pm,ecs,bg]"
"train","/root/autodl-tmp/CMS-teamPROJ3/data/jrc_mus-kidney/jrc_mus-kidney.zarr","recon-1/em/fibsem-uint8","/root/autodl-tmp/CMS-teamPROJ3/data/jrc_mus-kidney/jrc_mus-kidney.zarr","recon-1/labels/groundtruth/crop146/[endo_lum,cyto,endo_mem,pm,ecs,bg]"
"train","/root/autodl-tmp/CMS-teamPROJ3/data/jrc_mus-kidney/jrc_mus-kidney.zarr","recon-1/em/fibsem-uint8","/root/autodl-tmp/CMS-teamPROJ3/data/jrc_mus-kidney/jrc_mus-kidney.zarr","recon-1/labels/groundtruth/crop147/[endo_lum,cyto,endo_mem,pm,ecs,bg]"
"validate","/root/autodl-tmp/CMS-teamPROJ3/data/jrc_mus-kidney/jrc_mus-kidney.zarr","recon-1/em/fibsem-uint8","/root/autodl-tmp/CMS-teamPROJ3/data/jrc_mus-kidney/jrc_mus-kidney.zarr","recon-1/labels/groundtruth/crop148/[endo_lum,cyto,endo_mem,pm,ecs,bg]"
"train","/root/autodl-tmp/CMS-teamPROJ3/data/jrc_mus-kidney/jrc_mus-kidney.zarr","recon-1/em/fibsem-uint8","/root/autodl-tmp/CMS-teamPROJ3/data/jrc_mus-kidney/jrc_mus-kidney.zarr","recon-1/labels/groundtruth/crop149/[endo_lum,cyto,endo_mem,pm,ecs,bg]"
"train","/root/autodl-tmp/CMS-teamPROJ3/data/jrc_mus-kidney/jrc_mus-kidney.zarr","recon-1/em/fibsem-uint8","/root/autodl-tmp/CMS-teamPROJ3/data/jrc_mus-kidney/jrc_mus-kidney.zarr","recon-1/labels/groundtruth/crop156/[endo_lum,cyto,endo_mem,pm,ecs,bg]"
"train","/root/autodl-tmp/CMS-teamPROJ3/data/jrc_mus-kidney/jrc_mus-kidney.zarr","recon-1/em/fibsem-uint8","/root/autodl-tmp/CMS-teamPROJ3/data/jrc_mus-kidney/jrc_mus-kidney.zarr","recon-1/labels/groundtruth/crop158/[endo_lum,cyto,endo_mem,pm,ecs,bg]"
"train","/root/autodl-tmp/CMS-teamPROJ3/data/jrc_mus-kidney/jrc_mus-kidney.zarr","recon-1/em/fibsem-uint8","/root/autodl-tmp/CMS-teamPROJ3/data/jrc_mus-kidney/jrc_mus-kidney.zarr","recon-1/labels/groundtruth/crop159/[endo_lum,cyto,endo_mem,pm,ecs,bg]"
"validate","/root/autodl-tmp/CMS-teamPROJ3/data/jrc_mus-kidney/jrc_mus-kidney.zarr","recon-1/em/fibsem-uint8","/root/autodl-tmp/CMS-teamPROJ3/data/jrc_mus-kidney/jrc_mus-kidney.zarr","recon-1/labels/groundtruth/crop160/[endo_lum,cyto,endo_mem,pm,ecs,bg]"
"train","/root/autodl-tmp/CMS-teamPROJ3/data/jrc_mus-kidney/jrc_mus-kidney.zarr","recon-1/em/fibsem-uint8","/root/autodl-tmp/CMS-teamPROJ3/data/jrc_mus-kidney/jrc_mus-kidney.zarr","recon-1/labels/groundtruth/crop161/[endo_lum,cyto,endo_mem,pm,ecs,bg]"
"train","/root/autodl-tmp/CMS-teamPROJ3/data/jrc_mus-kidney/jrc_mus-kidney.zarr","recon-1/em/fibsem-uint8","/root/autodl-tmp/CMS-teamPROJ3/data/jrc_mus-kidney/jrc_mus-kidney.zarr","recon-1/labels/groundtruth/crop162/[endo_lum,cyto,endo_mem,pm,ecs,bg]"
"train","/root/autodl-tmp/CMS-teamPROJ3/data/jrc_mus-kidney/jrc_mus-kidney.zarr","recon-1/em/fibsem-uint8","/root/autodl-tmp/CMS-teamPROJ3/data/jrc_mus-kidney/jrc_mus-kidney.zarr","recon-1/labels/groundtruth/crop163/[endo_lum,cyto,endo_mem,pm,ecs,bg]"
"validate","/root/autodl-tmp/CMS-teamPROJ3/data/jrc_mus-kidney/jrc_mus-kidney.zarr","recon-1/em/fibsem-uint8","/root/autodl-tmp/CMS-teamPROJ3/data/jrc_mus-kidney/jrc_mus-kidney.zarr","recon-1/labels/groundtruth/crop164/[endo_lum,cyto,endo_mem,pm,ecs,bg]"
"train","/root/autodl-tmp/CMS-teamPROJ3/data/jrc_mus-kidney/jrc_mus-kidney.zarr","recon-1/em/fibsem-uint8","/root/autodl-tmp/CMS-teamPROJ3/data/jrc_mus-kidney/jrc_mus-kidney.zarr","recon-1/labels/groundtruth/crop165/[endo_lum,cyto,endo_mem,pm,ecs,bg]"
"train","/root/autodl-tmp/CMS-teamPROJ3/data/jrc_mus-kidney/jrc_mus-kidney.zarr","recon-1/em/fibsem-uint8","/root/autodl-tmp/CMS-teamPROJ3/data/jrc_mus-kidney/jrc_mus-kidney.zarr","recon-1/labels/groundtruth/crop166/[endo_lum,cyto,endo_mem,pm,ecs,bg]"
"train","/root/autodl-tmp/CMS-teamPROJ3/data/jrc_mus-liver-zon-1/jrc_mus-liver-zon-1.zarr","recon-1/em/fibsem-uint8","/root/autodl-tmp/CMS-teamPROJ3/data/jrc_mus-liver-zon-1/jrc_mus-liver-zon-1.zarr","recon-1/labels/groundtruth/crop266/[endo_lum,cyto,endo_mem,pm,ecs,bg]"
"train","/root/autodl-tmp/CMS-teamPROJ3/data/jrc_mus-liver-zon-1/jrc_mus-liver-zon-1.zarr","recon-1/em/fibsem-uint8","/root/autodl-tmp/CMS-teamPROJ3/data/jrc_mus-liver-zon-1/jrc_mus-liver-zon-1.zarr","recon-1/labels/groundtruth/crop267/[endo_lum,cyto,endo_mem,pm,ecs,bg]"
"train","/root/autodl-tmp/CMS-teamPROJ3/data/jrc_mus-liver-zon-1/jrc_mus-liver-zon-1.zarr","recon-1/em/fibsem-uint8","/root/autodl-tmp/CMS-teamPROJ3/data/jrc_mus-liver-zon-1/jrc_mus-liver-zon-1.zarr","recon-1/labels/groundtruth/crop268/[endo_lum,cyto,endo_mem,pm,ecs,bg]"
"train","/root/autodl-tmp/CMS-teamPROJ3/data/jrc_mus-liver-zon-1/jrc_mus-liver-zon-1.zarr","recon-1/em/fibsem-uint8","/root/autodl-tmp/CMS-teamPROJ3/data/jrc_mus-liver-zon-1/jrc_mus-liver-zon-1.zarr","recon-1/labels/groundtruth/crop269/[endo_lum,cyto,endo_mem,pm,ecs,bg]"
"train","/root/autodl-tmp/CMS-teamPROJ3/data/jrc_mus-liver-zon-1/jrc_mus-liver-zon-1.zarr","recon-1/em/fibsem-uint8","/root/autodl-tmp/CMS-teamPROJ3/data/jrc_mus-liver-zon-1/jrc_mus-liver-zon-1.zarr","recon-1/labels/groundtruth/crop270/[endo_lum,cyto,endo_mem,pm,ecs,bg]"
"train","/root/autodl-tmp/CMS-teamPROJ3/data/jrc_mus-liver-zon-1/jrc_mus-liver-zon-1.zarr","recon-1/em/fibsem-uint8","/root/autodl-tmp/CMS-teamPROJ3/data/jrc_mus-liver-zon-1/jrc_mus-liver-zon-1.zarr","recon-1/labels/groundtruth/crop272/[endo_lum,cyto,endo_mem,pm,ecs,bg]"
"train","/root/autodl-tmp/CMS-teamPROJ3/data/jrc_mus-liver-zon-1/jrc_mus-liver-zon-1.zarr","recon-1/em/fibsem-uint8","/root/autodl-tmp/CMS-teamPROJ3/data/jrc_mus-liver-zon-1/jrc_mus-liver-zon-1.zarr","recon-1/labels/groundtruth/crop273/[endo_lum,cyto,endo_mem,pm,ecs,bg]"
"train","/root/autodl-tmp/CMS-teamPROJ3/data/jrc_mus-liver-zon-1/jrc_mus-liver-zon-1.zarr","recon-1/em/fibsem-uint8","/root/autodl-tmp/CMS-teamPROJ3/data/jrc_mus-liver-zon-1/jrc_mus-liver-zon-1.zarr","recon-1/labels/groundtruth/crop274/[endo_lum,cyto,endo_mem,pm,ecs,bg]"
"train","/root/autodl-tmp/CMS-teamPROJ3/data/jrc_mus-liver-zon-1/jrc_mus-liver-zon-1.zarr","recon-1/em/fibsem-uint8","/root/autodl-tmp/CMS-teamPROJ3/data/jrc_mus-liver-zon-1/jrc_mus-liver-zon-1.zarr","recon-1/labels/groundtruth/crop275/[endo_lum,cyto,endo_mem,pm,ecs,bg]"
"train","/root/autodl-tmp/CMS-teamPROJ3/data/jrc_mus-liver-zon-1/jrc_mus-liver-zon-1.zarr","recon-1/em/fibsem-uint8","/root/autodl-tmp/CMS-teamPROJ3/data/jrc_mus-liver-zon-1/jrc_mus-liver-zon-1.zarr","recon-1/labels/groundtruth/crop276/[endo_lum,cyto,endo_mem,pm,ecs,bg]"
"validate","/root/autodl-tmp/CMS-teamPROJ3/data/jrc_mus-liver-zon-1/jrc_mus-liver-zon-1.zarr","recon-1/em/fibsem-uint8","/root/autodl-tmp/CMS-teamPROJ3/data/jrc_mus-liver-zon-1/jrc_mus-liver-zon-1.zarr","recon-1/labels/groundtruth/crop277/[endo_lum,cyto,endo_mem,pm,ecs,bg]"
"train","/root/autodl-tmp/CMS-teamPROJ3/data/jrc_mus-liver-zon-1/jrc_mus-liver-zon-1.zarr","recon-1/em/fibsem-uint8","/root/autodl-tmp/CMS-teamPROJ3/data/jrc_mus-liver-zon-1/jrc_mus-liver-zon-1.zarr","recon-1/labels/groundtruth/crop278/[endo_lum,cyto,endo_mem,pm,ecs,bg]"
"train","/root/autodl-tmp/CMS-teamPROJ3/data/jrc_mus-liver-zon-1/jrc_mus-liver-zon-1.zarr","recon-1/em/fibsem-uint8","/root/autodl-tmp/CMS-teamPROJ3/data/jrc_mus-liver-zon-1/jrc_mus-liver-zon-1.zarr","recon-1/labels/groundtruth/crop279/[endo_lum,cyto,endo_mem,pm,ecs,bg]"
"validate","/root/autodl-tmp/CMS-teamPROJ3/data/jrc_mus-liver-zon-1/jrc_mus-liver-zon-1.zarr","recon-1/em/fibsem-uint8","/root/autodl-tmp/CMS-teamPROJ3/data/jrc_mus-liver-zon-1/jrc_mus-liver-zon-1.zarr","recon-1/labels/groundtruth/crop280/[endo_lum,cyto,endo_mem,pm,ecs,bg]"
"train","/root/autodl-tmp/CMS-teamPROJ3/data/jrc_mus-liver-zon-1/jrc_mus-liver-zon-1.zarr","recon-1/em/fibsem-uint8","/root/autodl-tmp/CMS-teamPROJ3/data/jrc_mus-liver-zon-1/jrc_mus-liver-zon-1.zarr","recon-1/labels/groundtruth/crop298/[endo_lum,cyto,endo_mem,pm,ecs,bg]"
"train","/root/autodl-tmp/CMS-teamPROJ3/data/jrc_mus-liver-zon-1/jrc_mus-liver-zon-1.zarr","recon-1/em/fibsem-uint8","/root/autodl-tmp/CMS-teamPROJ3/data/jrc_mus-liver-zon-1/jrc_mus-liver-zon-1.zarr","recon-1/labels/groundtruth/crop313/[endo_lum,cyto,endo_mem,pm,ecs,bg]"
"train","/root/autodl-tmp/CMS-teamPROJ3/data/jrc_mus-liver-zon-1/jrc_mus-liver-zon-1.zarr","recon-1/em/fibsem-uint8","/root/autodl-tmp/CMS-teamPROJ3/data/jrc_mus-liver-zon-1/jrc_mus-liver-zon-1.zarr","recon-1/labels/groundtruth/crop319/[endo_lum,cyto,endo_mem,pm,ecs,bg]"
"validate","/root/autodl-tmp/CMS-teamPROJ3/data/jrc_mus-liver-zon-1/jrc_mus-liver-zon-1.zarr","recon-1/em/fibsem-uint8","/root/autodl-tmp/CMS-teamPROJ3/data/jrc_mus-liver-zon-1/jrc_mus-liver-zon-1.zarr","recon-1/labels/groundtruth/crop320/[endo_lum,cyto,endo_mem,pm,ecs,bg]"
"train","/root/autodl-tmp/CMS-teamPROJ3/data/jrc_mus-liver-zon-1/jrc_mus-liver-zon-1.zarr","recon-1/em/fibsem-uint8","/root/autodl-tmp/CMS-teamPROJ3/data/jrc_mus-liver-zon-1/jrc_mus-liver-zon-1.zarr","recon-1/labels/groundtruth/crop321/[endo_lum,cyto,endo_mem,pm,ecs,bg]"
"train","/root/autodl-tmp/CMS-teamPROJ3/data/jrc_mus-liver-zon-1/jrc_mus-liver-zon-1.zarr","recon-1/em/fibsem-uint8","/root/autodl-tmp/CMS-teamPROJ3/data/jrc_mus-liver-zon-1/jrc_mus-liver-zon-1.zarr","recon-1/labels/groundtruth/crop322/[endo_lum,cyto,endo_mem,pm,ecs,bg]"
"train","/root/autodl-tmp/CMS-teamPROJ3/data/jrc_mus-liver-zon-1/jrc_mus-liver-zon-1.zarr","recon-1/em/fibsem-uint8","/root/autodl-tmp/CMS-teamPROJ3/data/jrc_mus-liver-zon-1/jrc_mus-liver-zon-1.zarr","recon-1/labels/groundtruth/crop323/[endo_lum,cyto,endo_mem,pm,ecs,bg]"
"train","/root/autodl-tmp/CMS-teamPROJ3/data/jrc_mus-liver-zon-1/jrc_mus-liver-zon-1.zarr","recon-1/em/fibsem-uint8","/root/autodl-tmp/CMS-teamPROJ3/data/jrc_mus-liver-zon-1/jrc_mus-liver-zon-1.zarr","recon-1/labels/groundtruth/crop325/[endo_lum,cyto,endo_mem,pm,ecs,bg]"
"train","/root/autodl-tmp/CMS-teamPROJ3/data/jrc_mus-liver-zon-1/jrc_mus-liver-zon-1.zarr","recon-1/em/fibsem-uint8","/root/autodl-tmp/CMS-teamPROJ3/data/jrc_mus-liver-zon-1/jrc_mus-liver-zon-1.zarr","recon-1/labels/groundtruth/crop326/[endo_lum,cyto,endo_mem,pm,ecs,bg]"
"train","/root/autodl-tmp/CMS-teamPROJ3/data/jrc_mus-liver-zon-1/jrc_mus-liver-zon-1.zarr","recon-1/em/fibsem-uint8","/root/autodl-tmp/CMS-teamPROJ3/data/jrc_mus-liver-zon-1/jrc_mus-liver-zon-1.zarr","recon-1/labels/groundtruth/crop377/[endo_lum,cyto,endo_mem,pm,ecs,bg]"
"train","/root/autodl-tmp/CMS-teamPROJ3/data/jrc_mus-liver-zon-2/jrc_mus-liver-zon-2.zarr","recon-1/em/fibsem-uint8","/root/autodl-tmp/CMS-teamPROJ3/data/jrc_mus-liver-zon-2/jrc_mus-liver-zon-2.zarr","recon-1/labels/groundtruth/crop333/[endo_lum,cyto,endo_mem,pm,ecs,bg]"
"train","/root/autodl-tmp/CMS-teamPROJ3/data/jrc_mus-liver-zon-2/jrc_mus-liver-zon-2.zarr","recon-1/em/fibsem-uint8","/root/autodl-tmp/CMS-teamPROJ3/data/jrc_mus-liver-zon-2/jrc_mus-liver-zon-2.zarr","recon-1/labels/groundtruth/crop340/[endo_lum,cyto,endo_mem,pm,ecs,bg]"
"train","/root/autodl-tmp/CMS-teamPROJ3/data/jrc_mus-liver-zon-2/jrc_mus-liver-zon-2.zarr","recon-1/em/fibsem-uint8","/root/autodl-tmp/CMS-teamPROJ3/data/jrc_mus-liver-zon-2/jrc_mus-liver-zon-2.zarr","recon-1/labels/groundtruth/crop341/[endo_lum,cyto,endo_mem,pm,ecs,bg]"
"train","/root/autodl-tmp/CMS-teamPROJ3/data/jrc_mus-liver-zon-2/jrc_mus-liver-zon-2.zarr","recon-1/em/fibsem-uint8","/root/autodl-tmp/CMS-teamPROJ3/data/jrc_mus-liver-zon-2/jrc_mus-liver-zon-2.zarr","recon-1/labels/groundtruth/crop342/[endo_lum,cyto,endo_mem,pm,ecs,bg]"
"train","/root/autodl-tmp/CMS-teamPROJ3/data/jrc_mus-liver-zon-2/jrc_mus-liver-zon-2.zarr","recon-1/em/fibsem-uint8","/root/autodl-tmp/CMS-teamPROJ3/data/jrc_mus-liver-zon-2/jrc_mus-liver-zon-2.zarr","recon-1/labels/groundtruth/crop368/[endo_lum,cyto,endo_mem,pm,ecs,bg]"
"validate","/root/autodl-tmp/CMS-teamPROJ3/data/jrc_mus-liver-zon-2/jrc_mus-liver-zon-2.zarr","recon-1/em/fibsem-uint8","/root/autodl-tmp/CMS-teamPROJ3/data/jrc_mus-liver-zon-2/jrc_mus-liver-zon-2.zarr","recon-1/labels/groundtruth/crop369/[endo_lum,cyto,endo_mem,pm,ecs,bg]"
"train","/root/autodl-tmp/CMS-teamPROJ3/data/jrc_mus-liver-zon-2/jrc_mus-liver-zon-2.zarr","recon-1/em/fibsem-uint8","/root/autodl-tmp/CMS-teamPROJ3/data/jrc_mus-liver-zon-2/jrc_mus-liver-zon-2.zarr","recon-1/labels/groundtruth/crop370/[endo_lum,cyto,endo_mem,pm,ecs,bg]"
"train","/root/autodl-tmp/CMS-teamPROJ3/data/jrc_mus-liver-zon-2/jrc_mus-liver-zon-2.zarr","recon-1/em/fibsem-uint8","/root/autodl-tmp/CMS-teamPROJ3/data/jrc_mus-liver-zon-2/jrc_mus-liver-zon-2.zarr","recon-1/labels/groundtruth/crop376/[endo_lum,cyto,endo_mem,pm,ecs,bg]"
"train","/root/autodl-tmp/CMS-teamPROJ3/data/jrc_mus-liver/jrc_mus-liver.zarr","recon-1/em/fibsem-uint8","/root/autodl-tmp/CMS-teamPROJ3/data/jrc_mus-liver/jrc_mus-liver.zarr","recon-1/labels/groundtruth/crop124/[endo_lum,cyto,endo_mem,pm,ecs,bg]"
"validate","/root/autodl-tmp/CMS-teamPROJ3/data/jrc_mus-liver/jrc_mus-liver.zarr","recon-1/em/fibsem-uint8","/root/autodl-tmp/CMS-teamPROJ3/data/jrc_mus-liver/jrc_mus-liver.zarr","recon-1/labels/groundtruth/crop125/[endo_lum,cyto,endo_mem,pm,ecs,bg]"
"train","/root/autodl-tmp/CMS-teamPROJ3/data/jrc_mus-liver/jrc_mus-liver.zarr","recon-1/em/fibsem-uint8","/root/autodl-tmp/CMS-teamPROJ3/data/jrc_mus-liver/jrc_mus-liver.zarr","recon-1/labels/groundtruth/crop131/[endo_lum,cyto,endo_mem,pm,ecs,bg]"
"train","/root/autodl-tmp/CMS-teamPROJ3/data/jrc_mus-liver/jrc_mus-liver.zarr","recon-1/em/fibsem-uint8","/root/autodl-tmp/CMS-teamPROJ3/data/jrc_mus-liver/jrc_mus-liver.zarr","recon-1/labels/groundtruth/crop132/[endo_lum,cyto,endo_mem,pm,ecs,bg]"
"validate","/root/autodl-tmp/CMS-teamPROJ3/data/jrc_mus-liver/jrc_mus-liver.zarr","recon-1/em/fibsem-uint8","/root/autodl-tmp/CMS-teamPROJ3/data/jrc_mus-liver/jrc_mus-liver.zarr","recon-1/labels/groundtruth/crop133/[endo_lum,cyto,endo_mem,pm,ecs,bg]"
"train","/root/autodl-tmp/CMS-teamPROJ3/data/jrc_mus-liver/jrc_mus-liver.zarr","recon-1/em/fibsem-uint8","/root/autodl-tmp/CMS-teamPROJ3/data/jrc_mus-liver/jrc_mus-liver.zarr","recon-1/labels/groundtruth/crop135/[endo_lum,cyto,endo_mem,pm,ecs,bg]"
"train","/root/autodl-tmp/CMS-teamPROJ3/data/jrc_mus-liver/jrc_mus-liver.zarr","recon-1/em/fibsem-uint8","/root/autodl-tmp/CMS-teamPROJ3/data/jrc_mus-liver/jrc_mus-liver.zarr","recon-1/labels/groundtruth/crop136/[endo_lum,cyto,endo_mem,pm,ecs,bg]"
"train","/root/autodl-tmp/CMS-teamPROJ3/data/jrc_mus-liver/jrc_mus-liver.zarr","recon-1/em/fibsem-uint8","/root/autodl-tmp/CMS-teamPROJ3/data/jrc_mus-liver/jrc_mus-liver.zarr","recon-1/labels/groundtruth/crop137/[endo_lum,cyto,endo_mem,pm,ecs,bg]"
"train","/root/autodl-tmp/CMS-teamPROJ3/data/jrc_mus-liver/jrc_mus-liver.zarr","recon-1/em/fibsem-uint8","/root/autodl-tmp/CMS-teamPROJ3/data/jrc_mus-liver/jrc_mus-liver.zarr","recon-1/labels/groundtruth/crop138/[endo_lum,cyto,endo_mem,pm,ecs,bg]"
"train","/root/autodl-tmp/CMS-teamPROJ3/data/jrc_mus-liver/jrc_mus-liver.zarr","recon-1/em/fibsem-uint8","/root/autodl-tmp/CMS-teamPROJ3/data/jrc_mus-liver/jrc_mus-liver.zarr","recon-1/labels/groundtruth/crop139/[endo_lum,cyto,endo_mem,pm,ecs,bg]"
"train","/root/autodl-tmp/CMS-teamPROJ3/data/jrc_mus-liver/jrc_mus-liver.zarr","recon-1/em/fibsem-uint8","/root/autodl-tmp/CMS-teamPROJ3/data/jrc_mus-liver/jrc_mus-liver.zarr","recon-1/labels/groundtruth/crop142/[endo_lum,cyto,endo_mem,pm,ecs,bg]"
"train","/root/autodl-tmp/CMS-teamPROJ3/data/jrc_mus-liver/jrc_mus-liver.zarr","recon-1/em/fibsem-uint8","/root/autodl-tmp/CMS-teamPROJ3/data/jrc_mus-liver/jrc_mus-liver.zarr","recon-1/labels/groundtruth/crop143/[endo_lum,cyto,endo_mem,pm,ecs,bg]"
"validate","/root/autodl-tmp/CMS-teamPROJ3/data/jrc_mus-liver/jrc_mus-liver.zarr","recon-1/em/fibsem-uint8","/root/autodl-tmp/CMS-teamPROJ3/data/jrc_mus-liver/jrc_mus-liver.zarr","recon-1/labels/groundtruth/crop144/[endo_lum,cyto,endo_mem,pm,ecs,bg]"
"train","/root/autodl-tmp/CMS-teamPROJ3/data/jrc_mus-liver/jrc_mus-liver.zarr","recon-1/em/fibsem-uint8","/root/autodl-tmp/CMS-teamPROJ3/data/jrc_mus-liver/jrc_mus-liver.zarr","recon-1/labels/groundtruth/crop145/[endo_lum,cyto,endo_mem,pm,ecs,bg]"
"validate","/root/autodl-tmp/CMS-teamPROJ3/data/jrc_mus-liver/jrc_mus-liver.zarr","recon-1/em/fibsem-uint8","/root/autodl-tmp/CMS-teamPROJ3/data/jrc_mus-liver/jrc_mus-liver.zarr","recon-1/labels/groundtruth/crop150/[endo_lum,cyto,endo_mem,pm,ecs,bg]"
"train","/root/autodl-tmp/CMS-teamPROJ3/data/jrc_mus-liver/jrc_mus-liver.zarr","recon-1/em/fibsem-uint8","/root/autodl-tmp/CMS-teamPROJ3/data/jrc_mus-liver/jrc_mus-liver.zarr","recon-1/labels/groundtruth/crop151/[endo_lum,cyto,endo_mem,pm,ecs,bg]"
"train","/root/autodl-tmp/CMS-teamPROJ3/data/jrc_mus-liver/jrc_mus-liver.zarr","recon-1/em/fibsem-uint8","/root/autodl-tmp/CMS-teamPROJ3/data/jrc_mus-liver/jrc_mus-liver.zarr","recon-1/labels/groundtruth/crop157/[endo_lum,cyto,endo_mem,pm,ecs,bg]"
"train","/root/autodl-tmp/CMS-teamPROJ3/data/jrc_mus-liver/jrc_mus-liver.zarr","recon-1/em/fibsem-uint8","/root/autodl-tmp/CMS-teamPROJ3/data/jrc_mus-liver/jrc_mus-liver.zarr","recon-1/labels/groundtruth/crop171/[endo_lum,cyto,endo_mem,pm,ecs,bg]"
"train","/root/autodl-tmp/CMS-teamPROJ3/data/jrc_mus-liver/jrc_mus-liver.zarr","recon-1/em/fibsem-uint8","/root/autodl-tmp/CMS-teamPROJ3/data/jrc_mus-liver/jrc_mus-liver.zarr","recon-1/labels/groundtruth/crop172/[endo_lum,cyto,endo_mem,pm,ecs,bg]"
"train","/root/autodl-tmp/CMS-teamPROJ3/data/jrc_mus-liver/jrc_mus-liver.zarr","recon-1/em/fibsem-uint8","/root/autodl-tmp/CMS-teamPROJ3/data/jrc_mus-liver/jrc_mus-liver.zarr","recon-1/labels/groundtruth/crop175/[endo_lum,cyto,endo_mem,pm,ecs,bg]"
"train","/root/autodl-tmp/CMS-teamPROJ3/data/jrc_mus-liver/jrc_mus-liver.zarr","recon-1/em/fibsem-uint8","/root/autodl-tmp/CMS-teamPROJ3/data/jrc_mus-liver/jrc_mus-liver.zarr","recon-1/labels/groundtruth/crop183/[endo_lum,cyto,endo_mem,pm,ecs,bg]"
"train","/root/autodl-tmp/CMS-teamPROJ3/data/jrc_mus-liver/jrc_mus-liver.zarr","recon-1/em/fibsem-uint8","/root/autodl-tmp/CMS-teamPROJ3/data/jrc_mus-liver/jrc_mus-liver.zarr","recon-1/labels/groundtruth/crop416/[endo_lum,cyto,endo_mem,pm,ecs,bg]"
"train","/root/autodl-tmp/CMS-teamPROJ3/data/jrc_mus-liver/jrc_mus-liver.zarr","recon-1/em/fibsem-uint8","/root/autodl-tmp/CMS-teamPROJ3/data/jrc_mus-liver/jrc_mus-liver.zarr","recon-1/labels/groundtruth/crop417/[endo_lum,cyto,endo_mem,pm,ecs,bg]"
"validate","/root/autodl-tmp/CMS-teamPROJ3/data/jrc_mus-nacc-1/jrc_mus-nacc-1.zarr","recon-1/em/fibsem-uint8","/root/autodl-tmp/CMS-teamPROJ3/data/jrc_mus-nacc-1/jrc_mus-nacc-1.zarr","recon-1/labels/groundtruth/crop115/[endo_lum,cyto,endo_mem,pm,ecs,bg]"
"train","/root/autodl-tmp/CMS-teamPROJ3/data/jrc_sum159-1/jrc_sum159-1.zarr","recon-1/em/fibsem-uint8","/root/autodl-tmp/CMS-teamPROJ3/data/jrc_sum159-1/jrc_sum159-1.zarr","recon-1/labels/groundtruth/crop20/[endo_lum,cyto,endo_mem,pm,ecs,bg]"
"train","/root/autodl-tmp/CMS-teamPROJ3/data/jrc_sum159-1/jrc_sum159-1.zarr","recon-1/em/fibsem-uint8","/root/autodl-tmp/CMS-teamPROJ3/data/jrc_sum159-1/jrc_sum159-1.zarr","recon-1/labels/groundtruth/crop22/[endo_lum,cyto,endo_mem,pm,ecs,bg]"
"train","/root/autodl-tmp/CMS-teamPROJ3/data/jrc_sum159-1/jrc_sum159-1.zarr","recon-1/em/fibsem-uint8","/root/autodl-tmp/CMS-teamPROJ3/data/jrc_sum159-1/jrc_sum159-1.zarr","recon-1/labels/groundtruth/crop25/[endo_lum,cyto,endo_mem,pm,ecs,bg]"
"train","/root/autodl-tmp/CMS-teamPROJ3/data/jrc_sum159-1/jrc_sum159-1.zarr","recon-1/em/fibsem-uint8","/root/autodl-tmp/CMS-teamPROJ3/data/jrc_sum159-1/jrc_sum159-1.zarr","recon-1/labels/groundtruth/crop26/[endo_lum,cyto,endo_mem,pm,ecs,bg]"
"train","/root/autodl-tmp/CMS-teamPROJ3/data/jrc_sum159-1/jrc_sum159-1.zarr","recon-1/em/fibsem-uint8","/root/autodl-tmp/CMS-teamPROJ3/data/jrc_sum159-1/jrc_sum159-1.zarr","recon-1/labels/groundtruth/crop80/[endo_lum,cyto,endo_mem,pm,ecs,bg]"
"train","/root/autodl-tmp/CMS-teamPROJ3/data/jrc_sum159-1/jrc_sum159-1.zarr","recon-1/em/fibsem-uint8","/root/autodl-tmp/CMS-teamPROJ3/data/jrc_sum159-1/jrc_sum159-1.zarr","recon-1/labels/groundtruth/crop81/[endo_lum,cyto,endo_mem,pm,ecs,bg]"
"train","/root/autodl-tmp/CMS-teamPROJ3/data/jrc_sum159-1/jrc_sum159-1.zarr","recon-1/em/fibsem-uint8","/root/autodl-tmp/CMS-teamPROJ3/data/jrc_sum159-1/jrc_sum159-1.zarr","recon-1/labels/groundtruth/crop82/[endo_lum,cyto,endo_mem,pm,ecs,bg]"
"train","/root/autodl-tmp/CMS-teamPROJ3/data/jrc_sum159-1/jrc_sum159-1.zarr","recon-1/em/fibsem-uint8","/root/autodl-tmp/CMS-teamPROJ3/data/jrc_sum159-1/jrc_sum159-1.zarr","recon-1/labels/groundtruth/crop83/[endo_lum,cyto,endo_mem,pm,ecs,bg]"
"train","/root/autodl-tmp/CMS-teamPROJ3/data/jrc_sum159-1/jrc_sum159-1.zarr","recon-1/em/fibsem-uint8","/root/autodl-tmp/CMS-teamPROJ3/data/jrc_sum159-1/jrc_sum159-1.zarr","recon-1/labels/groundtruth/crop84/[endo_lum,cyto,endo_mem,pm,ecs,bg]"
"train","/root/autodl-tmp/CMS-teamPROJ3/data/jrc_sum159-1/jrc_sum159-1.zarr","recon-1/em/fibsem-uint8","/root/autodl-tmp/CMS-teamPROJ3/data/jrc_sum159-1/jrc_sum159-1.zarr","recon-1/labels/groundtruth/crop97/[endo_lum,cyto,endo_mem,pm,ecs,bg]"
"validate","/root/autodl-tmp/CMS-teamPROJ3/data/jrc_sum159-1/jrc_sum159-1.zarr","recon-1/em/fibsem-uint8","/root/autodl-tmp/CMS-teamPROJ3/data/jrc_sum159-1/jrc_sum159-1.zarr","recon-1/labels/groundtruth/crop98/[endo_lum,cyto,endo_mem,pm,ecs,bg]"
"train","/root/autodl-tmp/CMS-teamPROJ3/data/jrc_sum159-1/jrc_sum159-1.zarr","recon-1/em/fibsem-uint8","/root/autodl-tmp/CMS-teamPROJ3/data/jrc_sum159-1/jrc_sum159-1.zarr","recon-1/labels/groundtruth/crop99/[endo_lum,cyto,endo_mem,pm,ecs,bg]"
"train","/root/autodl-tmp/CMS-teamPROJ3/data/jrc_sum159-4/jrc_sum159-4.zarr","recon-1/em/fibsem-uint8","/root/autodl-tmp/CMS-teamPROJ3/data/jrc_sum159-4/jrc_sum159-4.zarr","recon-1/labels/groundtruth/crop186/[endo_lum,cyto,endo_mem,pm,ecs,bg]"
"train","/root/autodl-tmp/CMS-teamPROJ3/data/jrc_sum159-4/jrc_sum159-4.zarr","recon-1/em/fibsem-uint8","/root/autodl-tmp/CMS-teamPROJ3/data/jrc_sum159-4/jrc_sum159-4.zarr","recon-1/labels/groundtruth/crop187/[endo_lum,cyto,endo_mem,pm,ecs,bg]"
"validate","/root/autodl-tmp/CMS-teamPROJ3/data/jrc_sum159-4/jrc_sum159-4.zarr","recon-1/em/fibsem-uint8","/root/autodl-tmp/CMS-teamPROJ3/data/jrc_sum159-4/jrc_sum159-4.zarr","recon-1/labels/groundtruth/crop188/[endo_lum,cyto,endo_mem,pm,ecs,bg]"
"validate","/root/autodl-tmp/CMS-teamPROJ3/data/jrc_sum159-4/jrc_sum159-4.zarr","recon-1/em/fibsem-uint8","/root/autodl-tmp/CMS-teamPROJ3/data/jrc_sum159-4/jrc_sum159-4.zarr","recon-1/labels/groundtruth/crop189/[endo_lum,cyto,endo_mem,pm,ecs,bg]"
"train","/root/autodl-tmp/CMS-teamPROJ3/data/jrc_sum159-4/jrc_sum159-4.zarr","recon-1/em/fibsem-uint8","/root/autodl-tmp/CMS-teamPROJ3/data/jrc_sum159-4/jrc_sum159-4.zarr","recon-1/labels/groundtruth/crop201/[endo_lum,cyto,endo_mem,pm,ecs,bg]"
"validate","/root/autodl-tmp/CMS-teamPROJ3/data/jrc_sum159-4/jrc_sum159-4.zarr","recon-1/em/fibsem-uint8","/root/autodl-tmp/CMS-teamPROJ3/data/jrc_sum159-4/jrc_sum159-4.zarr","recon-1/labels/groundtruth/crop202/[endo_lum,cyto,endo_mem,pm,ecs,bg]"
"train","/root/autodl-tmp/CMS-teamPROJ3/data/jrc_sum159-4/jrc_sum159-4.zarr","recon-1/em/fibsem-uint8","/root/autodl-tmp/CMS-teamPROJ3/data/jrc_sum159-4/jrc_sum159-4.zarr","recon-1/labels/groundtruth/crop203/[endo_lum,cyto,endo_mem,pm,ecs,bg]"
"train","/root/autodl-tmp/CMS-teamPROJ3/data/jrc_sum159-4/jrc_sum159-4.zarr","recon-1/em/fibsem-uint8","/root/autodl-tmp/CMS-teamPROJ3/data/jrc_sum159-4/jrc_sum159-4.zarr","recon-1/labels/groundtruth/crop206/[endo_lum,cyto,endo_mem,pm,ecs,bg]"
"train","/root/autodl-tmp/CMS-teamPROJ3/data/jrc_sum159-4/jrc_sum159-4.zarr","recon-1/em/fibsem-uint8","/root/autodl-tmp/CMS-teamPROJ3/data/jrc_sum159-4/jrc_sum159-4.zarr","recon-1/labels/groundtruth/crop208/[endo_lum,cyto,endo_mem,pm,ecs,bg]"
"train","/root/autodl-tmp/CMS-teamPROJ3/data/jrc_sum159-4/jrc_sum159-4.zarr","recon-1/em/fibsem-uint8","/root/autodl-tmp/CMS-teamPROJ3/data/jrc_sum159-4/jrc_sum159-4.zarr","recon-1/labels/groundtruth/crop209/[endo_lum,cyto,endo_mem,pm,ecs,bg]"
"train","/root/autodl-tmp/CMS-teamPROJ3/data/jrc_sum159-4/jrc_sum159-4.zarr","recon-1/em/fibsem-uint8","/root/autodl-tmp/CMS-teamPROJ3/data/jrc_sum159-4/jrc_sum159-4.zarr","recon-1/labels/groundtruth/crop210/[endo_lum,cyto,endo_mem,pm,ecs,bg]"
"train","/root/autodl-tmp/CMS-teamPROJ3/data/jrc_sum159-4/jrc_sum159-4.zarr","recon-1/em/fibsem-uint8","/root/autodl-tmp/CMS-teamPROJ3/data/jrc_sum159-4/jrc_sum159-4.zarr","recon-1/labels/groundtruth/crop212/[endo_lum,cyto,endo_mem,pm,ecs,bg]"
"train","/root/autodl-tmp/CMS-teamPROJ3/data/jrc_sum159-4/jrc_sum159-4.zarr","recon-1/em/fibsem-uint8","/root/autodl-tmp/CMS-teamPROJ3/data/jrc_sum159-4/jrc_sum159-4.zarr","recon-1/labels/groundtruth/crop213/[endo_lum,cyto,endo_mem,pm,ecs,bg]"
"train","/root/autodl-tmp/CMS-teamPROJ3/data/jrc_sum159-4/jrc_sum159-4.zarr","recon-1/em/fibsem-uint8","/root/autodl-tmp/CMS-teamPROJ3/data/jrc_sum159-4/jrc_sum159-4.zarr","recon-1/labels/groundtruth/crop216/[endo_lum,cyto,endo_mem,pm,ecs,bg]"
"train","/root/autodl-tmp/CMS-teamPROJ3/data/jrc_sum159-4/jrc_sum159-4.zarr","recon-1/em/fibsem-uint8","/root/autodl-tmp/CMS-teamPROJ3/data/jrc_sum159-4/jrc_sum159-4.zarr","recon-1/labels/groundtruth/crop217/[endo_lum,cyto,endo_mem,pm,ecs,bg]"
"train","/root/autodl-tmp/CMS-teamPROJ3/data/jrc_sum159-4/jrc_sum159-4.zarr","recon-1/em/fibsem-uint8","/root/autodl-tmp/CMS-teamPROJ3/data/jrc_sum159-4/jrc_sum159-4.zarr","recon-1/labels/groundtruth/crop218/[endo_lum,cyto,endo_mem,pm,ecs,bg]"
"train","/root/autodl-tmp/CMS-teamPROJ3/data/jrc_sum159-4/jrc_sum159-4.zarr","recon-1/em/fibsem-uint8","/root/autodl-tmp/CMS-teamPROJ3/data/jrc_sum159-4/jrc_sum159-4.zarr","recon-1/labels/groundtruth/crop219/[endo_lum,cyto,endo_mem,pm,ecs,bg]"
"train","/root/autodl-tmp/CMS-teamPROJ3/data/jrc_ut21-1413-003/jrc_ut21-1413-003.zarr","recon-1/em/fibsem-uint8","/root/autodl-tmp/CMS-teamPROJ3/data/jrc_ut21-1413-003/jrc_ut21-1413-003.zarr","recon-1/labels/groundtruth/crop190/[endo_lum,cyto,endo_mem,pm,ecs,bg]"
"train","/root/autodl-tmp/CMS-teamPROJ3/data/jrc_ut21-1413-003/jrc_ut21-1413-003.zarr","recon-1/em/fibsem-uint8","/root/autodl-tmp/CMS-teamPROJ3/data/jrc_ut21-1413-003/jrc_ut21-1413-003.zarr","recon-1/labels/groundtruth/crop191/[endo_lum,cyto,endo_mem,pm,ecs,bg]"
"validate","/root/autodl-tmp/CMS-teamPROJ3/data/jrc_ut21-1413-003/jrc_ut21-1413-003.zarr","recon-1/em/fibsem-uint8","/root/autodl-tmp/CMS-teamPROJ3/data/jrc_ut21-1413-003/jrc_ut21-1413-003.zarr","recon-1/labels/groundtruth/crop192/[endo_lum,cyto,endo_mem,pm,ecs,bg]"
"train","/root/autodl-tmp/CMS-teamPROJ3/data/jrc_ut21-1413-003/jrc_ut21-1413-003.zarr","recon-1/em/fibsem-uint8","/root/autodl-tmp/CMS-teamPROJ3/data/jrc_ut21-1413-003/jrc_ut21-1413-003.zarr","recon-1/labels/groundtruth/crop193/[endo_lum,cyto,endo_mem,pm,ecs,bg]"
"train","/root/autodl-tmp/CMS-teamPROJ3/data/jrc_ut21-1413-003/jrc_ut21-1413-003.zarr","recon-1/em/fibsem-uint8","/root/autodl-tmp/CMS-teamPROJ3/data/jrc_ut21-1413-003/jrc_ut21-1413-003.zarr","recon-1/labels/groundtruth/crop195/[endo_lum,cyto,endo_mem,pm,ecs,bg]"
"train","/root/autodl-tmp/CMS-teamPROJ3/data/jrc_ut21-1413-003/jrc_ut21-1413-003.zarr","recon-1/em/fibsem-uint8","/root/autodl-tmp/CMS-teamPROJ3/data/jrc_ut21-1413-003/jrc_ut21-1413-003.zarr","recon-1/labels/groundtruth/crop196/[endo_lum,cyto,endo_mem,pm,ecs,bg]"
"train","/root/autodl-tmp/CMS-teamPROJ3/data/jrc_ut21-1413-003/jrc_ut21-1413-003.zarr","recon-1/em/fibsem-uint8","/root/autodl-tmp/CMS-teamPROJ3/data/jrc_ut21-1413-003/jrc_ut21-1413-003.zarr","recon-1/labels/groundtruth/crop197/[endo_lum,cyto,endo_mem,pm,ecs,bg]"
"train","/root/autodl-tmp/CMS-teamPROJ3/data/jrc_ut21-1413-003/jrc_ut21-1413-003.zarr","recon-1/em/fibsem-uint8","/root/autodl-tmp/CMS-teamPROJ3/data/jrc_ut21-1413-003/jrc_ut21-1413-003.zarr","recon-1/labels/groundtruth/crop198/[endo_lum,cyto,endo_mem,pm,ecs,bg]"
"train","/root/autodl-tmp/CMS-teamPROJ3/data/jrc_ut21-1413-003/jrc_ut21-1413-003.zarr","recon-1/em/fibsem-uint8","/root/autodl-tmp/CMS-teamPROJ3/data/jrc_ut21-1413-003/jrc_ut21-1413-003.zarr","recon-1/labels/groundtruth/crop199/[endo_lum,cyto,endo_mem,pm,ecs,bg]"
"train","/root/autodl-tmp/CMS-teamPROJ3/data/jrc_ut21-1413-003/jrc_ut21-1413-003.zarr","recon-1/em/fibsem-uint8","/root/autodl-tmp/CMS-teamPROJ3/data/jrc_ut21-1413-003/jrc_ut21-1413-003.zarr","recon-1/labels/groundtruth/crop200/[endo_lum,cyto,endo_mem,pm,ecs,bg]"
"train","/root/autodl-tmp/CMS-teamPROJ3/data/jrc_ut21-1413-003/jrc_ut21-1413-003.zarr","recon-1/em/fibsem-uint8","/root/autodl-tmp/CMS-teamPROJ3/data/jrc_ut21-1413-003/jrc_ut21-1413-003.zarr","recon-1/labels/groundtruth/crop214/[endo_lum,cyto,endo_mem,pm,ecs,bg]"
"train","/root/autodl-tmp/CMS-teamPROJ3/data/jrc_ut21-1413-003/jrc_ut21-1413-003.zarr","recon-1/em/fibsem-uint8","/root/autodl-tmp/CMS-teamPROJ3/data/jrc_ut21-1413-003/jrc_ut21-1413-003.zarr","recon-1/labels/groundtruth/crop220/[endo_lum,cyto,endo_mem,pm,ecs,bg]"
"train","/root/autodl-tmp/CMS-teamPROJ3/data/jrc_ut21-1413-003/jrc_ut21-1413-003.zarr","recon-1/em/fibsem-uint8","/root/autodl-tmp/CMS-teamPROJ3/data/jrc_ut21-1413-003/jrc_ut21-1413-003.zarr","recon-1/labels/groundtruth/crop222/[endo_lum,cyto,endo_mem,pm,ecs,bg]"
"train","/root/autodl-tmp/CMS-teamPROJ3/data/jrc_ut21-1413-003/jrc_ut21-1413-003.zarr","recon-1/em/fibsem-uint8","/root/autodl-tmp/CMS-teamPROJ3/data/jrc_ut21-1413-003/jrc_ut21-1413-003.zarr","recon-1/labels/groundtruth/crop224/[endo_lum,cyto,endo_mem,pm,ecs,bg]"
"train","/root/autodl-tmp/CMS-teamPROJ3/data/jrc_ut21-1413-003/jrc_ut21-1413-003.zarr","recon-1/em/fibsem-uint8","/root/autodl-tmp/CMS-teamPROJ3/data/jrc_ut21-1413-003/jrc_ut21-1413-003.zarr","recon-1/labels/groundtruth/crop225/[endo_lum,cyto,endo_mem,pm,ecs,bg]"
"train","/root/autodl-tmp/CMS-teamPROJ3/data/jrc_ut21-1413-003/jrc_ut21-1413-003.zarr","recon-1/em/fibsem-uint8","/root/autodl-tmp/CMS-teamPROJ3/data/jrc_ut21-1413-003/jrc_ut21-1413-003.zarr","recon-1/labels/groundtruth/crop226/[endo_lum,cyto,endo_mem,pm,ecs,bg]"
"train","/root/autodl-tmp/CMS-teamPROJ3/data/jrc_ut21-1413-003/jrc_ut21-1413-003.zarr","recon-1/em/fibsem-uint8","/root/autodl-tmp/CMS-teamPROJ3/data/jrc_ut21-1413-003/jrc_ut21-1413-003.zarr","recon-1/labels/groundtruth/crop227/[endo_lum,cyto,endo_mem,pm,ecs,bg]"
"validate","/root/autodl-tmp/CMS-teamPROJ3/data/jrc_ut21-1413-003/jrc_ut21-1413-003.zarr","recon-1/em/fibsem-uint8","/root/autodl-tmp/CMS-teamPROJ3/data/jrc_ut21-1413-003/jrc_ut21-1413-003.zarr","recon-1/labels/groundtruth/crop228/[endo_lum,cyto,endo_mem,pm,ecs,bg]"
